Label,Size,Period,Accuracy,Run Rate
O,1401,40.75,0.9500356887937188,0.02908636688079943
R,1112,29.96875,0.9190647482014388,0.026950314748201438
